GDI Rank,Country,Gender Development Index (GDI),Human Development Index (Female),Human Development Index (Male),Life Expectancy at Birth (Female),Life Expectancy at Birth (Male),Expected Years of Education (Female),Expected Years of Education (Male),Mean Years of Education (Female),Mean Years of Education (Male),Estimated Gross National Income per Capita (Female),Estimated Gross National Income per Capita (Male),Gender Inequality Index (GII),Maternal Mortality Ratio,Adolescent Birth Rate,Percent Representation in Parliament,Population with Secondary Education (Female),Population with Secondary Education (Male),Labour Force Participation Rate (Female),Labour Force Participation Rate (Male),Human Development Index (1990),Human Development Index (2000),Human Development Index (2010),Human Development Index (2011),Human Development Index (2012),Human Development Index (2013),Human Development Index (2014),Expected Years of Education,Mean Years of Education,Gross National Income (GNI) per Capita,GNI per Capita Rank Minus HDI Rank,Inequality-adjusted HDI (IHDI),IHDI Loss Percent,IHDI Rank Difference,Coefficient of Human Inequality,Inequality in Life Expectancy,Inequality-Adjusted Life Expectancy Index,Inequality in Education,Inequality-Adjusted Education Index,Inequality in Income,Inequality-Adjusted Income Index,Income Inequality (Quintile Ratio),Income Inequality (Palma Rati),Income Inequality (Gini Coefficient)
1,Norway,0.996,0.94,0.944,83.6,79.5,18.2,16.8,12.7,12.5,57140,72825,0.067,4,7.8,39.6,97.4,96.7,61.2,68.7,0.849,0.917,0.94,0.941,0.942,0.942,0.944,17.5,12.6,"64,992",5,0.893,5.4,0,5.3,3.4,0.916,2.3,0.886,10.2,0.878,4,0.9,26.8
2,Australia,0.976,0.922,0.945,84.5,80.3,20.7,19.7,13.1,12.9,33688,50914,0.11,6,12.1,30.5,94.3,94.6,58.8,71.8,0.865,0.898,0.927,0.93,0.932,0.933,0.935,20.2,13,"42,261",17,0.858,8.2,-2,7.9,4.2,0.92,1.9,0.914,17.7,0.752,5.8,1.3,34
3,Switzerland,0.95,0.898,0.945,85,80.8,15.7,15.9,11.5,13.1,44132,69077,0.028,6,1.9,28.5,95,96.6,61.8,74.9,0.831,0.888,0.924,0.925,0.927,0.928,0.93,15.8,12.8,"56,431",6,0.861,7.4,0,7.3,3.9,0.931,5.7,0.816,12.3,0.839,5.2,1.2,32.4
4,Denmark,0.977,0.912,0.934,82.2,78.3,19.3,18.1,12.8,12.7,36439,51727,0.048,5,5.1,38,95.5,96.6,58.7,66.4,0.799,0.862,0.908,0.92,0.921,0.923,0.923,18.7,12.7,"44,025",11,0.856,7.3,-1,7.1,4,0.889,3,0.897,14.4,0.787,4,0.9,26.9
5,Netherlands,0.947,0.893,0.943,83.3,79.7,18,17.9,11.6,12.2,29500,61641,0.062,6,6.2,36.9,87.7,90.5,58.5,70.6,0.829,0.877,0.909,0.919,0.92,0.92,0.922,17.9,11.9,"45,435",9,0.861,6.6,3,6.5,3.9,0.911,4.1,0.858,11.6,0.817,4.5,1,28.9
6,Germany,0.963,0.901,0.936,83.3,78.5,16.3,16.6,12.9,13.8,34886,53290,0.041,7,3.8,36.9,96.3,97,53.6,66.4,0.801,0.855,0.906,0.911,0.915,0.915,0.916,16.5,13.1,"43,919",11,0.853,6.9,0,6.7,3.7,0.902,2.4,0.871,14.1,0.79,4.7,1.1,30.6
6,Ireland,0.973,0.901,0.926,83,78.8,18.5,18.7,12.3,12,30104,49166,0.113,9,8.2,19.9,80.5,78.6,53.1,68.1,0.77,0.861,0.908,0.909,0.91,0.912,0.916,18.6,12.2,"39,568",16,0.836,8.6,-3,8.5,3.7,0.902,5.4,0.858,16.3,0.756,5.3,1.2,32.1
8,United States,0.995,0.911,0.916,81.4,76.7,17.2,15.7,13,12.9,43054,63158,0.28,28,31,19.4,95.1,94.8,56.3,68.9,0.859,0.883,0.909,0.911,0.912,0.913,0.915,16.5,12.9,"52,947",3,0.76,17,-20,15.7,6.2,0.853,5.3,0.842,35.6,0.61,9.8,2,41.1
9,Canada,0.982,0.904,0.921,84,80,16.3,15.5,13.1,13,33587,50853,0.129,11,14.5,28.2,100,100,61.6,71,0.849,0.867,0.903,0.909,0.91,0.912,0.913,15.9,13,"42,155",11,0.832,8.8,-2,8.6,4.6,0.91,3.9,0.841,17.4,0.754,5.8,1.3,33.7
9,New Zealand,0.961,0.894,0.93,83.6,80,20,18.3,12.5,12.6,24309,41372,0.157,8,25.3,31.4,95,95.3,62,73.8,0.82,0.874,0.905,0.907,0.909,0.911,0.913,19.2,12.5,"32,689",23,..,..,..,..,4.8,0.905,..,..,..,..,..,..,..
11,Singapore,0.985,0.898,0.912,86,79.9,15.5,15.3,10.1,10.9,59994,93699,0.088,6,6,25.3,74.1,81,58.8,77.2,0.718,0.819,0.897,0.903,0.905,0.909,0.912,15.4,10.6,"76,628",-7,..,..,..,..,2.8,0.942,..,..,..,..,..,..,..
12,"Hong Kong, China (SAR)",0.958,0.892,0.931,86.8,81.2,15.7,15.5,10.9,11.9,38060,72052,..,..,3.3,..,72.2,79.2,51.3,67.8,0.781,0.825,0.898,0.902,0.906,0.908,0.91,15.6,11.2,"53,959",-2,..,..,..,..,2.8,0.957,..,..,..,..,..,..,..
13,Liechtenstein,..,..,..,..,..,13.8,16.1,..,..,..,..,..,..,..,20,..,..,..,..,..,..,0.902,0.903,0.906,0.907,0.908,15,11.8,"79,851",-10,..,..,..,..,..,..,..,..,..,..,..,..,..
14,Sweden,0.999,0.906,0.906,83.9,80.4,16.6,15.1,12.2,12,40222,51084,0.055,4,6.5,43.6,86.5,87.3,60.3,67.9,0.815,0.897,0.901,0.903,0.904,0.905,0.907,15.8,12.1,"45,636",-1,0.846,6.7,3,6.5,3.1,0.927,3.5,0.813,13.1,0.804,3.7,0.9,26.1
14,United Kingdom,0.965,0.888,0.92,82.6,78.7,16.6,15.8,12.9,13.2,27259,51628,0.177,8,25.8,23.5,99.8,99.9,55.7,68.7,0.773,0.865,0.906,0.901,0.901,0.902,0.907,16.2,13.1,"39,267",9,0.829,8.6,-2,8.4,4.5,0.892,2.8,0.86,17.8,0.742,7.6,1.7,38
16,Iceland,0.975,0.886,0.909,84,81,20.1,17.9,10.8,10.4,28792,41486,0.087,4,11.5,41.3,91,91.6,70.5,77.4,0.802,0.859,0.892,0.896,0.897,0.899,0.899,19,10.6,"35,182",12,0.846,5.9,4,5.8,2.8,0.936,2.4,0.832,12.2,0.777,3.8,0.9,26.3
17,Korea (Republic of),0.93,0.861,0.926,85,78.5,16,17.7,11.2,12.7,21896,46018,0.125,27,2.2,16.3,77,89.1,50.1,72.1,0.731,0.821,0.886,0.891,0.893,0.895,0.898,16.9,11.9,"33,890",13,0.751,16.4,-19,15.9,3.9,0.915,25.5,0.644,18.4,0.718,..,..,..
18,Israel,0.971,0.879,0.905,84.1,80.5,16.5,15.5,12.5,12.6,22451,39064,0.101,2,7.8,22.5,84.4,87.3,57.9,69.1,0.785,0.85,0.883,0.888,0.89,0.893,0.894,16,12.5,"30,676",16,0.775,13.4,-9,12.9,3.8,0.923,9.9,0.776,25,0.649,10.3,2.2,42.8
19,Luxembourg,0.971,0.877,0.903,83.9,79.3,14,13.7,11.3,12.1,47723,69800,0.1,11,8.3,28.3,100,100,50.7,64.6,0.779,0.851,0.886,0.888,0.888,0.89,0.892,13.9,11.7,"58,711",-11,0.822,7.9,0,7.7,3.3,0.918,6,0.729,13.9,0.829,..,..,..
20,Japan,0.961,0.87,0.905,86.7,80.2,15.2,15.5,11.3,11.7,24975,49541,0.133,6,5.4,11.6,87,85.8,48.8,70.4,0.814,0.857,0.884,0.886,0.888,0.89,0.891,15.3,11.5,"36,927",7,0.78,12.4,-5,12.2,3.2,0.945,19.8,0.649,13.5,0.773,5.4,1.2,32.1
21,Belgium,0.975,0.872,0.895,83.2,78.3,16.7,16,10.6,11.1,31879,50845,0.063,6,6.7,42.4,77.5,82.9,47.5,59.3,0.806,0.874,0.883,0.886,0.889,0.888,0.89,16.3,11.3,"41,187",0,0.82,7.9,1,7.9,3.9,0.899,8.1,0.762,11.6,0.804,5,1.3,33.1
22,France,0.987,0.881,0.893,85.1,79.2,16.4,15.6,11,11.3,31073,45497,0.088,12,5.7,25.7,78,83.2,50.7,61.6,0.779,0.848,0.881,0.884,0.886,0.887,0.888,16,11.1,"38,056",4,0.811,8.7,0,8.6,4,0.919,8,0.751,13.9,0.772,5.1,1.2,31.7
23,Austria,0.943,0.856,0.909,83.8,78.8,16.1,15.4,9.9,11.9,29598,58826,0.053,4,4.1,30.3,100,100,54.6,67.7,0.794,0.836,0.879,0.881,0.884,0.884,0.885,15.7,10.8,"43,869",-5,0.816,7.8,2,7.6,3.7,0.909,3.5,0.771,15.5,0.777,4.6,1.1,30
24,Finland,0.996,0.879,0.882,83.6,78,17.7,16.5,10.2,10.2,31644,45994,0.075,4,9.2,42.5,100,100,55.7,64,0.783,0.857,0.878,0.881,0.882,0.882,0.883,17.1,10.3,"38,695",0,0.834,5.5,10,5.5,3.5,0.902,2.1,0.8,10.8,0.803,4,1,27.8
25,Slovenia,0.996,0.877,0.881,83.4,77.3,17.7,16,11.8,12,22180,33593,0.016,7,0.6,27.7,95.8,98,52.3,63.2,0.766,0.824,0.876,0.877,0.878,0.878,0.88,16.8,11.9,"27,852",12,0.829,5.9,8,5.8,3.8,0.894,2.6,0.84,11,0.757,3.6,0.8,24.9
26,Spain,0.975,0.863,0.885,85.3,79.8,17.7,17,9.4,9.8,24059,40221,0.095,4,10.6,38,66.8,73.1,52.5,65.8,0.756,0.827,0.867,0.87,0.874,0.874,0.876,17.3,9.6,"32,045",7,0.775,11.5,0,11,3.9,0.926,5.2,0.759,23.9,0.663,7.6,1.4,35.8
27,Italy,0.964,0.851,0.883,85.5,80.6,16.5,15.6,9.5,10.2,22526,44148,0.068,4,4,30.1,71.2,80.5,39.6,59.5,0.766,0.829,0.869,0.873,0.872,0.873,0.873,16,10.1,"33,030",4,0.773,11.5,-1,11.3,3.4,0.938,10.6,0.7,19.8,0.702,6.9,1.4,35.5
28,Czech Republic,0.98,0.859,0.877,81.5,75.7,16.9,15.8,12.1,12.5,19929,33604,0.091,5,4.9,18.9,99.9,99.7,51.1,68.3,0.761,0.821,0.863,0.866,0.867,0.868,0.87,16.4,12.3,"26,660",10,0.823,5.4,10,5.3,3.7,0.868,1.4,0.854,11,0.751,3.9,0.9,26.4
29,Greece,0.961,0.844,0.879,83.8,78,17.7,17.6,9.8,10.5,17288,31952,0.146,5,11.9,21,59.5,67,44.2,62.5,0.759,0.799,0.866,0.864,0.865,0.863,0.865,17.6,10.3,"24,524",14,0.758,12.4,-5,12.1,4,0.899,11.6,0.735,20.6,0.66,6.4,1.4,34.7
30,Estonia,1.03,0.872,0.847,81.3,72,17.4,15.6,12.7,12.2,20854,30254,0.164,11,16.8,19.8,100,100,56.2,68.9,0.726,0.78,0.838,0.849,0.855,0.859,0.861,16.5,12.5,"25,214",12,0.782,9.2,6,8.9,5.6,0.825,2.4,0.853,18.6,0.68,5.6,1.2,32.7
31,Brunei Darussalam,0.977,0.84,0.86,80.7,77,14.9,14.2,8.5,9,54228,90437,..,27,23,..,63.9,67.8,52.6,75.3,0.782,0.819,0.843,0.847,0.852,0.852,0.856,14.5,8.8,"72,570",-26,..,..,..,..,4.4,0.865,..,..,..,..,..,..,..
32,Cyprus,0.971,0.836,0.861,82.4,78,14.2,13.8,11.4,11.8,22613,34400,0.124,10,5.5,12.5,76,81.7,56,71.1,0.733,0.8,0.848,0.852,0.852,0.85,0.85,14,11.6,"28,633",3,0.758,10.7,-2,10.6,3.7,0.892,13.1,0.673,15,0.727,..,..,..
32,Qatar,0.998,0.853,0.854,79.9,77.3,14,13.9,10.4,8.8,55123,143979,0.524,6,9.5,0,66.7,59,50.8,95.5,0.754,0.809,0.844,0.841,0.848,0.849,0.85,13.8,9.1,"123,124",-31,..,..,..,..,6,0.841,..,..,..,..,..,..,..
34,Andorra,..,..,..,..,..,..,..,..,..,..,..,..,..,..,50,49.5,49.3,..,..,..,..,0.823,0.821,0.844,0.844,0.845,13.5,9.6,"43,978",-18,..,..,..,..,..,..,..,..,..,..,..,..,..
35,Slovakia,0.999,0.841,0.842,79.9,72.5,15.7,14.5,12.3,12.2,19903,32122,0.164,7,15.9,18.7,99.1,99.5,51.1,68.6,0.738,0.763,0.827,0.832,0.836,0.839,0.844,15.1,12.2,"25,845",5,0.791,6.2,9,6.2,5.6,0.818,1.5,0.813,11.3,0.744,4.1,0.9,26.6
36,Poland,1.007,0.844,0.839,81.4,73.4,16.3,14.7,11.7,11.9,18423,28271,0.138,3,12.2,22.1,79.4,85.5,48.9,64.9,0.713,0.786,0.829,0.833,0.838,0.84,0.843,15.5,11.8,"23,177",10,0.76,9.8,2,9.6,5.7,0.833,5.6,0.778,17.5,0.678,5.2,1.3,32.8
37,Lithuania,1.03,0.851,0.827,78.9,67.7,16.9,15.9,12.3,12.5,20955,28656,0.125,11,10.6,23.4,89.1,94.3,55.8,67.3,0.73,0.754,0.827,0.831,0.833,0.837,0.839,16.4,12.4,"24,500",7,0.754,10.1,-1,10,6.6,0.766,5.9,0.817,17.5,0.686,5.7,1.2,32.6
37,Malta,0.937,0.806,0.861,82.2,78.8,14.8,14,9.9,10.8,16435,39432,0.227,9,18.2,13,68.6,78.2,37.9,66.3,0.729,0.766,0.824,0.822,0.83,0.837,0.839,14.4,10.3,"27,930",-1,0.767,8.5,4,8.5,4.8,0.888,7.3,0.69,13.3,0.737,..,..,..
39,Saudi Arabia,0.901,0.778,0.864,75.7,73,16.6,16.1,7.8,9.3,20094,77044,0.284,16,10.2,19.9,60.5,70.3,20.2,78.3,0.69,0.744,0.805,0.816,0.826,0.836,0.837,16.3,8.7,"52,821",-27,..,..,..,..,8.7,0.762,..,..,..,..,..,..,..
40,Argentina,0.982,0.819,0.834,80.1,72.4,19.1,16.8,9.8,9.8,14202,30237,0.376,69,54.4,36.8,56.3,57.6,47.5,75,0.705,0.762,0.811,0.818,0.831,0.833,0.836,17.9,9.8,"22,050",11,0.711,15,-8,14.5,9.3,0.786,8.1,0.759,26.3,0.601,10.6,2.3,43.6
41,United Arab Emirates,0.954,0.796,0.835,78.5,76.3,13.9,12.9,9.9,8.5,22391,77300,0.232,8,27.6,17.5,73.1,61.2,46.5,92,0.726,0.797,0.828,0.829,0.831,0.833,0.835,13.3,9.5,"60,868",-34,..,..,..,..,5.5,0.829,..,..,..,..,..,..,..
42,Chile,0.967,0.815,0.843,84.5,78.6,15.5,15,9.7,9.9,14732,27992,0.338,22,55.3,15.8,73.3,76.4,49.2,74.8,0.699,0.752,0.814,0.821,0.827,0.83,0.832,15.2,9.8,"21,290",11,0.672,19.3,-13,18.2,5.9,0.893,12.6,0.655,36,0.519,12.6,3.3,50.8
43,Portugal,0.985,0.823,0.836,83.8,77.9,16.5,16.1,8.1,8.4,21259,30543,0.111,8,12.6,31.3,47.7,48.2,54.9,66.2,0.71,0.782,0.819,0.825,0.827,0.828,0.83,16.3,8.2,"25,757",-2,0.744,10.4,1,10.1,3.9,0.9,5.9,0.685,20.3,0.668,..,..,..
44,Hungary,0.976,0.818,0.838,78.7,71.5,15.7,15.1,11.3,12.2,17443,28960,0.209,14,12.1,10.1,97.9,98.7,44.8,60,0.703,0.769,0.821,0.823,0.823,0.825,0.828,15.4,11.6,"22,916",3,0.769,7.2,10,7.1,5.4,0.803,3.2,0.789,12.6,0.717,4.5,1,28.9
45,Bahrain,0.94,0.789,0.839,77.6,75.8,15.1,13.7,9.1,9.6,20038,49890,0.265,22,13.8,15,56.7,51.4,39.2,86.9,0.746,0.794,0.819,0.817,0.819,0.821,0.824,14.4,9.4,"38,599",-20,..,..,..,..,6.3,0.816,..,..,..,..,..,..,..
46,Latvia,1.029,0.829,0.805,78.9,69.1,15.9,14.6,11.7,11.2,18437,26845,0.167,13,13.5,18,98.9,99,54.9,67.6,0.692,0.727,0.811,0.812,0.813,0.816,0.819,15.2,11.5,"22,281",4,0.73,10.8,0,10.5,7.6,0.771,3.5,0.778,20.5,0.649,6.9,1.5,36
47,Croatia,0.987,0.812,0.823,80.6,74,15.4,14.2,10.5,11.6,16200,22853,0.149,13,12.7,25.8,85,93.6,44.7,58.4,0.67,0.749,0.807,0.814,0.817,0.817,0.818,14.8,11,"19,409",11,0.743,9.1,3,8.9,5.2,0.836,4.3,0.745,17.2,0.659,5.3,1.4,33.6
48,Kuwait,0.972,0.793,0.816,75.8,73.5,15.2,14.2,7.3,7.1,42292,111988,0.387,14,14.5,1.5,55.6,56.3,43.6,83.1,0.715,0.804,0.809,0.812,0.815,0.816,0.816,14.7,7.2,"83,961",-46,..,..,..,..,7.2,0.776,..,..,..,..,..,..,..
49,Montenegro,0.954,0.782,0.819,78.4,74.1,15.5,14.8,10.5,11.8,11106,18094,0.171,7,15.2,17.3,84.2,94.7,43,57.3,..,..,0.792,0.798,0.798,0.801,0.802,15.2,11.2,"14,558",27,0.728,9.2,1,9.2,7.6,0.799,7.4,0.735,12.6,0.658,4.7,1.1,30.6
50,Belarus,1.021,0.806,0.789,77.2,65.5,16.2,15.1,11.9,12.1,12922,21010,0.151,1,20.6,30.1,87,92.2,50.1,63.1,..,0.683,0.786,0.793,0.796,0.796,0.798,15.7,12,"16,676",14,0.741,7.1,4,7.1,6.8,0.736,3.7,0.804,10.8,0.69,3.8,0.9,26.5
50,Russian Federation,1.019,0.804,0.789,75.8,64.4,15.1,14.3,11.9,12,17269,28287,0.276,24,25.7,14.5,89.6,92.5,57.1,71.7,0.729,0.717,0.783,0.79,0.795,0.797,0.798,14.7,12,"22,352",-1,0.714,10.5,1,10.3,9.8,0.695,2.3,0.788,18.7,0.664,7.3,1.8,39.7
52,Oman,0.909,0.741,0.815,79.2,75.1,13.9,13.5,7,8.5,14709,46400,0.275,11,10.6,9.6,47.2,57.1,29,82.6,..,..,0.795,0.793,0.793,0.792,0.793,13.6,8,"34,858",-23,..,..,..,..,7,0.813,..,..,..,..,..,..,..
52,Romania,0.989,0.787,0.796,78.3,71.2,14.6,13.8,10.3,11.1,15250,21117,0.333,33,31,12,86.1,92,48.7,64.9,0.703,0.706,0.784,0.786,0.788,0.791,0.793,14.2,10.8,"18,108",10,0.711,10.3,2,10.2,8.8,0.768,4.7,0.719,17.1,0.651,4.1,0.9,27.3
52,Uruguay,1.018,0.797,0.783,80.6,73.5,16.6,14.4,8.7,8.2,14721,24166,0.313,14,58.3,11.5,54.4,50.3,55.6,76.8,0.692,0.742,0.78,0.784,0.788,0.79,0.793,15.5,8.5,"19,283",7,0.678,14.5,-4,14.2,9.2,0.799,9.2,0.647,24.2,0.602,9,2,41.3
55,Bahamas,..,..,..,78.3,72.3,..,..,11.1,10.7,17868,24957,0.298,37,28.5,16.7,91.2,87.6,69.3,79.3,..,0.778,0.774,0.778,0.783,0.786,0.79,12.6,10.9,"21,336",-3,..,..,..,..,9.4,0.772,..,..,..,..,..,..,..
56,Kazakhstan,1.002,0.787,0.785,74.1,64.6,15.4,14.7,11.3,11.5,15408,26746,0.267,26,29.9,20.1,95.3,98.8,67.7,77.9,0.69,0.679,0.766,0.772,0.778,0.785,0.788,15,11.4,"20,867",-1,0.694,11.9,1,11.8,16.7,0.633,5.9,0.751,12.7,0.704,4,1,28.6
57,Barbados,1.018,0.791,0.777,78,73.2,17.2,13.8,10.6,10.2,10245,14739,0.357,52,48.4,19.6,89.5,87.7,65.9,76.6,0.716,0.753,0.78,0.786,0.793,0.785,0.785,15.4,10.5,"12,488",27,..,..,..,..,8.1,0.786,5.5,0.734,..,..,..,..,..
58,Antigua and Barbuda,..,..,..,78.5,73.5,14.6,13.3,..,..,..,..,..,..,49.3,25.7,..,..,..,..,..,..,0.782,0.778,0.781,0.781,0.783,14,9.2,"20,070",-1,..,..,..,..,8,0.794,..,..,..,..,..,..,..
59,Bulgaria,0.991,0.777,0.784,77.7,70.8,14.6,14.1,10.6,10.4,12448,18926,0.212,5,35.9,20.4,93,95.7,47.9,59,0.695,0.713,0.773,0.775,0.778,0.779,0.782,14.4,10.6,"15,596",13,0.699,10.5,3,10.4,7.9,0.768,5.5,0.71,17.8,0.627,6.4,1.4,34.3
60,Palau,..,..,..,..,..,13.9,13.5,..,..,..,..,..,..,..,10.3,..,..,..,..,..,0.743,0.767,0.77,0.775,0.775,0.78,13.7,12.3,"13,496",18,..,..,..,..,..,..,12,0.696,23,0.57,..,..,..
60,Panama,0.996,0.776,0.779,80.7,74.6,13.8,12.8,9.6,9.1,13699,22597,0.454,85,78.5,19.3,54,49.9,49,81.8,0.656,0.714,0.761,0.759,0.772,0.777,0.78,13.3,9.3,"18,192",1,0.604,22.5,-20,21.7,12.1,0.779,16.6,0.567,36.5,0.499,17.6,3.6,51.9
62,Malaysia,0.947,0.753,0.795,77.1,72.4,12.7,12.7,9.4,10.1,15635,30320,0.209,29,5.7,14.2,65.1,71.3,44.4,75.5,0.641,0.723,0.769,0.772,0.774,0.777,0.779,12.7,10,"22,762",-14,..,..,..,..,4.9,0.8,..,..,..,..,11.3,2.6,46.2
63,Mauritius,0.95,0.752,0.792,78,70.9,15.9,15.2,8,9.1,10541,24581,0.419,73,30.9,11.6,49.4,58,43.6,74.2,0.619,0.674,0.756,0.762,0.772,0.775,0.777,15.6,8.5,"17,470",0,0.666,14.2,-2,14.1,9.2,0.76,13.2,0.623,19.8,0.625,5.9,1.5,35.9
64,Seychelles,..,..,..,78.1,68.9,13.3,13.4,..,..,..,..,..,..,56.3,43.8,66.9,66.6,..,..,..,0.715,0.743,0.752,0.761,0.767,0.772,13.4,9.4,"23,300",-19,..,..,..,..,7.9,0.752,..,..,..,..,18.8,6.4,65.8
64,Trinidad and Tobago,0.985,0.763,0.774,74,67,12.5,12.1,10.7,10.9,19669,32656,0.371,84,34.8,24.7,59.7,60.9,53,75.5,0.673,0.717,0.772,0.767,0.769,0.771,0.772,12.3,10.9,"26,090",-25,0.654,15.2,-3,15,16.4,0.648,6.6,0.659,21.9,0.656,..,..,..
66,Serbia,0.966,0.757,0.784,77.7,72.1,14.9,13.9,9.8,11.2,9697,14799,0.176,16,16.9,34,58.4,73.6,44.5,60.9,0.714,0.71,0.757,0.761,0.762,0.771,0.771,14.4,10.5,"12,190",20,0.693,10.1,5,10.1,8.5,0.773,8.1,0.688,13.5,0.627,4.6,1.1,29.7
67,Cuba,0.954,0.747,0.783,81.5,77.4,14.4,13.3,11.4,11.6,4912,9665,0.356,80,43.1,48.9,74.3,78.8,43.4,70,0.675,0.685,0.778,0.776,0.772,0.768,0.769,13.8,11.5,"7,301",47,..,..,..,..,5.1,0.867,11.3,0.681,..,..,..,..,..
67,Lebanon,0.899,0.718,0.8,81.3,77.6,13.6,13.9,7.6,8.2,7334,25391,0.385,16,12,3.1,53,55.4,23.3,70.9,..,..,0.756,0.761,0.761,0.768,0.769,13.8,7.9,"16,509",-1,0.609,20.8,-15,20.2,6.7,0.852,24.1,0.491,30,0.54,..,..,..
69,Costa Rica,0.974,0.753,0.774,81.9,77,14.3,13.4,8.4,8.3,9680,17033,0.349,38,60.8,33.3,50.7,50.5,46.6,79,0.652,0.704,0.75,0.756,0.761,0.764,0.766,13.9,8.4,"13,413",10,0.613,19.9,-11,19.1,7.3,0.847,15.5,0.561,34.3,0.486,12.8,2.9,48.6
69,Iran (Islamic Republic of),0.858,0.689,0.804,76.5,74.3,15,15.2,7.7,8.6,4828,25924,0.515,23,31.6,3.1,62.2,67.6,16.6,73.6,0.567,0.665,0.743,0.751,0.764,0.764,0.766,15.1,8.2,"15,440",4,0.509,33.6,-41,32.1,12.5,0.746,37.3,0.433,46.6,0.407,7,1.7,38.3
71,Venezuela (Bolivarian Republic of),1.03,0.772,0.749,78.5,70.2,15.3,13.1,9.2,8.6,12458,19840,0.476,110,83.2,17,56.6,50.8,51.1,79.2,0.635,0.673,0.757,0.761,0.764,0.764,0.762,14.2,8.9,"16,159",-2,0.612,19.7,-11,19.4,12.2,0.732,17.6,0.57,28.4,0.55,11.7,2.4,44.8
72,Turkey,0.902,0.716,0.793,78.5,72,14,15.1,6.7,8.5,10024,27645,0.359,20,30.9,14.4,39,60,29.4,70.8,0.576,0.653,0.738,0.751,0.756,0.759,0.761,14.5,7.6,"18,677",-12,0.641,15.8,0,15.7,11,0.757,14.2,0.563,21.8,0.618,8,1.9,40
73,Sri Lanka,0.948,0.73,0.769,78.2,71.5,14.2,13.3,10.7,10.9,5452,14307,0.37,29,16.9,5.8,72.7,76.4,35.1,76.3,0.62,0.679,0.738,0.743,0.749,0.752,0.757,13.7,10.8,"9,779",29,0.669,11.6,7,11.6,8.3,0.774,12.8,0.646,13.7,0.597,5.8,1.6,36.4
74,Mexico,0.943,0.731,0.775,79.2,74.4,13.2,12.9,8.2,8.8,10233,22252,0.373,49,63.4,37.1,55.7,60.6,45.1,79.9,0.648,0.699,0.746,0.748,0.754,0.755,0.756,13.1,8.5,"16,056",-4,0.587,22.4,-12,21.8,10.9,0.778,19.7,0.518,34.6,0.501,11.1,2.8,48.1
75,Brazil,0.997,0.752,0.754,78.3,70.7,15.6,14.8,7.8,7.5,11393,19084,0.457,69,70.8,9.6,54.6,52.4,59.4,80.8,0.608,0.683,0.737,0.742,0.746,0.752,0.755,15.2,7.7,"15,175",-1,0.557,26.3,-20,25.6,14.5,0.717,23.6,0.518,38.7,0.465,16.9,3.8,52.7
76,Georgia,0.962,0.736,0.765,78.4,71.2,14,13.6,12,12.3,4887,9718,0.382,41,46.8,11.3,89.7,92.7,56.5,75.1,..,0.672,0.735,0.74,0.747,0.75,0.754,13.8,12.1,"7,164",40,0.652,13.6,5,13.2,12.9,0.736,3.3,0.761,23.4,0.494,8.9,2,41.4
77,Saint Kitts and Nevis,..,..,..,..,..,13.4,12.4,..,..,..,..,..,..,..,6.7,..,..,..,..,..,..,0.739,0.741,0.743,0.747,0.752,12.9,8.4,"20,805",-21,..,..,..,..,..,..,..,..,..,..,..,..,..
78,Azerbaijan,0.942,0.721,0.766,74,67.7,11.8,12,10.5,11.2,10120,22814,0.303,26,40,15.6,93.7,97.4,62.9,69.6,..,0.64,0.741,0.742,0.745,0.749,0.751,11.9,11.2,"16,428",-11,0.652,13.2,7,12.9,21.7,0.612,8.3,0.645,8.9,0.702,5.1,1.3,33
79,Grenada,..,..,..,75.9,71,16.3,15.3,..,..,..,..,..,23,35.4,25,..,..,..,..,..,..,0.737,0.739,0.74,0.742,0.75,15.8,8.6,"10,939",14,..,..,..,..,8.4,0.753,..,..,..,..,..,..,..
80,Jordan,0.86,0.674,0.784,75.8,72.4,13.7,13.3,9.3,10.5,3587,18831,0.473,50,26.5,11.6,69.5,78.5,15.6,66.6,0.623,0.705,0.743,0.743,0.746,0.748,0.748,13.5,9.9,"11,365",11,0.625,16.5,2,16.4,11.9,0.732,16.9,0.586,20.5,0.568,5.1,1.4,33.7
81,The former Yugoslav Republic of Macedonia,0.949,0.726,0.765,77.7,73.1,13.5,13.2,8.7,9.8,8796,14754,0.164,7,18.3,33.3,40.2,55.6,43.1,67.5,..,..,0.738,0.742,0.743,0.744,0.747,13.4,9.3,"11,780",9,0.622,16.7,2,16.1,7.6,0.788,10.6,0.608,30.1,0.504,9.3,2.3,44.2
81,Ukraine,1.003,0.747,0.745,75.9,66,15.4,14.9,11.3,11.4,6518,10120,0.286,23,25.7,11.8,91.7,95.9,53.2,66.9,0.705,0.668,0.732,0.738,0.743,0.746,0.747,15.1,11.3,"8,178",25,0.689,7.8,16,7.7,10.4,0.703,3.6,0.77,9.2,0.604,3.4,0.9,24.8
83,Algeria,0.837,0.637,0.761,77.2,72.5,14.2,13.8,4.8,7.8,3898,22009,0.413,89,10,25.7,26.7,31,15.2,72.2,0.574,0.64,0.725,0.73,0.732,0.734,0.736,14,7.6,"13,054",-1,..,..,..,..,16.7,0.702,..,..,..,..,..,..,..
84,Peru,0.947,0.712,0.752,77.2,71.9,13.1,13,8.5,9.6,8040,13977,0.406,89,50.7,22.3,56.3,66.1,68.2,84.4,0.613,0.677,0.718,0.722,0.728,0.732,0.734,13.1,9,"11,015",8,0.563,23.4,-10,23,13.9,0.723,23.3,0.509,31.9,0.484,11.9,2.5,45.3
85,Albania,0.948,0.711,0.75,80.4,75.4,11.9,11.8,8.9,9.6,7217,12655,0.217,21,15.3,20.7,81.8,87.9,44.9,65.5,0.624,0.656,0.722,0.728,0.729,0.732,0.733,11.8,9.3,"9,943",14,0.634,13.5,8,13.4,9.9,0.801,11.9,0.561,18.3,0.567,4.3,1,29
85,Armenia,1.008,0.734,0.728,78.6,70.9,13.6,11.2,10.8,10.9,6042,10089,0.318,29,27.1,10.7,94,95,54.2,72.6,0.632,0.648,0.721,0.723,0.728,0.731,0.733,12.3,10.9,"8,124",22,0.658,10.2,14,10.1,12.7,0.735,3.7,0.679,13.9,0.572,4.5,1.1,30.3
85,Bosnia and Herzegovina,..,..,..,79,74,..,..,6.6,8.6,6514,12912,0.201,8,15.1,19.3,44.9,69.8,34.1,57.3,..,..,0.71,0.724,0.726,0.729,0.733,13.6,8.3,"9,638",19,0.635,13.3,9,13.1,6.7,0.811,12.5,0.573,20.2,0.551,5.4,1.3,33
88,Ecuador,0.98,0.722,0.737,78.7,73.2,14.5,13.9,7.4,7.6,8487,12723,0.407,87,77,41.6,40.1,39.4,54.7,82.7,0.645,0.674,0.717,0.723,0.727,0.73,0.732,14.2,7.6,"10,605",7,0.57,22.1,-4,21.8,13.4,0.745,21.1,0.51,30.9,0.487,12,2.7,46.6
89,Saint Lucia,0.991,0.725,0.731,77.8,72.4,13,12.1,9.4,9.3,8018,11576,..,34,56.3,20.7,..,..,62.7,76.2,..,0.683,0.73,0.73,0.73,0.729,0.729,12.6,9.3,"9,765",14,0.613,15.9,5,15.5,9.9,0.764,9.2,0.6,27.4,0.502,..,..,..
90,China,0.943,0.705,0.747,77.3,74.3,13.2,12.9,6.9,8.2,10128,14795,0.191,32,8.6,23.6,58.7,71.9,63.9,78.3,0.501,0.588,0.699,0.707,0.718,0.723,0.727,13.1,7.5,"12,547",-7,..,..,..,..,9.8,0.774,..,..,29.5,0.514,10.1,2.1,37
90,Fiji,0.941,0.699,0.743,73.2,67.2,16,15.5,9.8,10,4274,10592,0.418,59,42.8,14,64.2,64.5,37.5,72,0.631,0.678,0.717,0.72,0.722,0.724,0.727,15.7,9.9,"7,493",21,0.616,15.3,8,15.1,12.3,0.675,10.5,0.686,22.6,0.505,8,2.2,42.8
90,Mongolia,1.028,0.737,0.716,73.9,65.3,15.3,13.9,9.5,9,9029,12462,0.325,68,18.7,14.9,85.3,84.1,56.6,69.3,0.578,0.589,0.695,0.706,0.714,0.722,0.727,14.6,9.3,"10,729",4,0.633,12.9,12,12.8,16.6,0.634,9.4,0.647,12.3,0.619,6.2,1.6,36.5
93,Thailand,1,0.726,0.726,77.9,71.1,13.9,13.1,7.1,7.5,11820,14888,0.38,26,41,6.1,35.7,40.8,64.3,80.7,0.572,0.648,0.716,0.721,0.723,0.724,0.726,13.5,7.3,"13,323",-13,0.576,20.6,1,19.9,9.8,0.755,16.1,0.519,34,0.488,6.9,1.8,39.4
94,Dominica,..,..,..,..,..,..,..,..,..,..,..,..,..,..,21.9,29.7,23.2,..,..,..,0.694,0.723,0.723,0.723,0.723,0.724,12.7,7.9,"9,994",4,..,..,..,..,..,..,..,..,..,..,..,..,..
94,Libya,0.95,0.699,0.736,74.6,68.9,14.3,13.8,7.7,7,7427,22392,0.134,15,2.5,16,55.5,41.9,30,76.4,0.679,0.731,0.756,0.711,0.745,0.738,0.724,14,7.3,"14,911",-19,..,..,..,..,10.1,0.714,..,..,..,..,..,..,..
96,Tunisia,0.894,0.671,0.751,77.3,72.5,15,14,5.9,7.8,4748,16159,0.24,46,4.6,31.3,32.8,46.1,25.1,70.9,0.567,0.654,0.714,0.715,0.719,0.72,0.721,14.6,6.8,"10,404",1,0.562,22,-2,21.4,10.6,0.753,34.6,0.415,18.9,0.569,6.4,1.5,35.8
97,Colombia,0.997,0.719,0.721,77.7,70.5,13.9,13.2,7.4,7.3,9785,14372,0.429,83,68.5,20.9,56.9,55.6,55.8,79.7,0.596,0.654,0.706,0.713,0.715,0.718,0.72,13.5,7.3,"12,040",-9,0.542,24.7,-10,24.1,13.5,0.718,21.3,0.489,37.4,0.453,17.5,4,53.5
97,Saint Vincent and the Grenadines,..,..,..,75.1,70.9,13.4,13.1,..,..,7283,12541,..,45,54.5,13,..,..,55.7,78,..,0.674,0.711,0.713,0.715,0.717,0.72,13.4,8.6,"9,937",3,..,..,..,..,13,0.708,..,..,..,..,..,..,..
99,Jamaica,0.995,0.715,0.719,78.1,73.3,13.1,11.6,10,9.4,5820,9059,0.43,80,70.1,16.7,74,70.2,56.1,70.9,0.671,0.7,0.727,0.727,0.723,0.717,0.719,12.4,9.7,"7,415",13,0.593,17.5,7,16.9,15,0.729,5.6,0.628,30.1,0.454,9.6,2.5,45.5
100,Tonga,0.967,0.704,0.727,75.8,69.9,15,14.4,10.7,10.8,3796,6336,0.666,120,18.1,0,87.5,88.3,53.5,74.6,0.65,0.671,0.713,0.716,0.717,0.716,0.717,14.7,10.7,"5,069",32,..,..,..,..,13.7,0.701,..,..,..,..,..,..,..
101,Belize,0.958,0.696,0.727,72.9,67.4,13.9,13.2,10.5,10.5,5034,10198,0.426,45,71.4,13.3,76.4,75.8,49.2,82.3,0.644,0.683,0.709,0.711,0.716,0.715,0.715,13.6,10.5,"7,614",9,0.553,22.6,-3,21.7,11.4,0.682,15.9,0.611,37.9,0.406,..,..,..
101,Dominican Republic,0.995,0.71,0.713,76.7,70.4,13.6,12.6,7.7,7.2,8860,14903,0.477,100,99.6,19.1,55.6,53.1,51.3,78.6,0.596,0.655,0.701,0.704,0.708,0.711,0.715,13.1,7.6,"11,883",-12,0.546,23.6,-6,23.4,16.9,0.684,22.9,0.474,30.3,0.503,10.3,2.5,45.7
103,Suriname,0.975,0.702,0.72,74.4,68,13.6,11.8,7.3,8,10241,20970,0.463,130,35.2,11.8,44.6,47.1,40.5,68.8,..,..,0.707,0.709,0.711,0.713,0.714,12.7,7.7,"15,617",-32,0.543,24,-5,23.3,13.6,0.68,19,0.492,37.3,0.478,..,..,..
104,Maldives,0.937,0.678,0.723,77.8,75.8,12.8,12.5,5.7,6,8531,16073,0.243,31,4.2,5.9,27.3,32.7,56.2,77.5,..,0.603,0.683,0.69,0.695,0.703,0.706,13,5.8,"12,328",-19,0.531,24.9,-6,23.8,8.1,0.803,40,0.333,23.2,0.559,6.8,1.6,37.4
105,Samoa,0.956,0.681,0.713,76.8,70.4,13.2,12.5,10.3,10.3,3416,7124,0.457,58,28.3,6.1,64.3,60,23.5,58.4,0.621,0.649,0.696,0.698,0.7,0.701,0.702,12.9,10.3,"5,327",24,..,..,..,..,13.3,0.713,..,..,..,..,..,..,..
106,Botswana,0.982,0.691,0.704,66.8,62.1,12.6,12.4,8.7,9.1,15179,18096,0.48,170,44.2,9.5,73.6,77.9,71.9,81.6,0.584,0.561,0.681,0.688,0.691,0.696,0.698,12.5,8.9,"16,646",-41,0.431,38.2,-23,36.5,21.9,0.535,32.1,0.437,55.5,0.344,22.9,5.8,60.5
107,Moldova (Republic of),1.003,0.694,0.692,75.7,67.4,12.2,11.6,11.1,11.3,4599,5915,0.248,21,29.3,20.8,93.6,96.6,37.6,44.2,0.652,0.597,0.672,0.679,0.683,0.69,0.693,11.9,11.2,"5,223",23,0.618,10.8,20,10.8,11,0.707,7.3,0.651,14,0.514,4.6,1.1,30.6
108,Egypt,0.868,0.633,0.729,73.4,69,13.3,13.8,5.4,7.7,4928,16049,0.573,45,43,2.2,43.9,60.6,23.7,74.8,0.546,0.622,0.681,0.682,0.688,0.689,0.69,13.5,6.6,"10,512",-12,0.524,24,-5,22.8,13.4,0.681,40.9,0.351,14.2,0.604,4.4,1.2,30.8
109,Turkmenistan,..,..,..,69.9,61.5,10.6,11,..,..,8725,17552,..,61,18,25.8,..,..,46.9,76.9,..,..,0.666,0.671,0.677,0.682,0.688,10.8,9.9,"13,066",-28,..,..,..,..,26,0.519,..,..,..,..,..,..,..
110,Gabon,..,..,..,65,63.8,..,..,8.9,6.6,13527,19177,0.514,240,103,16.2,53.9,36.1,56.2,65.4,0.62,0.632,0.663,0.668,0.673,0.679,0.684,12.5,7.8,"16,367",-42,0.519,24,-6,24,28,0.492,23.5,0.465,20.4,0.613,8.3,2.1,42.2
110,Indonesia,0.927,0.655,0.706,71,66.9,13.1,12.9,7,8.2,6485,13052,0.494,190,48.3,17.1,39.9,49.2,51.4,84.2,0.531,0.606,0.665,0.671,0.678,0.681,0.684,13,7.6,"9,788",-9,0.559,18.2,6,18.2,16.4,0.629,20.8,0.486,17.3,0.573,5.7,1.5,38.1
112,Paraguay,0.956,0.662,0.692,75.1,70.8,12.2,11.7,7.5,7.9,5576,9678,0.472,110,67,16.8,36.8,43,55.7,84.8,0.579,0.623,0.668,0.671,0.669,0.677,0.679,11.9,7.7,"7,643",-3,0.529,22.1,-1,21.8,19.2,0.657,16.2,0.492,30.1,0.458,13,2.9,48
113,"Palestine, State of",0.86,0.607,0.706,74.9,71,13.8,12.2,8.4,9.3,1580,7726,..,..,45.8,..,53.9,59.4,15.4,66.4,..,..,0.67,0.675,0.685,0.679,0.677,13,8.9,"4,699",21,0.577,14.9,16,14.8,13.1,0.707,16.5,0.549,15,0.494,5.5,1.4,34.5
114,Uzbekistan,0.945,0.64,0.678,71.8,65,11.3,11.7,9.5,9.9,3811,7342,..,36,38.8,16.4,..,..,48.1,75.6,..,0.594,0.655,0.661,0.668,0.672,0.675,11.5,10.9,"5,567",10,0.569,15.8,14,15.3,24.3,0.563,1.4,0.672,20.1,0.485,5.8,1.5,35.2
115,Philippines,0.977,0.649,0.664,71.8,64.9,11.5,11.1,8.4,7.9,5382,10439,0.42,120,46.8,27.1,65.9,63.7,51.1,79.7,0.586,0.623,0.654,0.653,0.657,0.664,0.668,11.3,8.9,"7,915",-7,0.547,18.1,7,17.8,15.2,0.629,11.6,0.539,26.8,0.483,8.4,2.2,43
116,El Salvador,0.965,0.652,0.676,77.4,68.3,12.1,12.4,6.2,6.9,5497,9406,0.427,69,76,27.4,36.8,43.6,47.8,79,0.522,0.603,0.653,0.658,0.662,0.664,0.666,12.3,6.5,"7,349",-3,0.488,26.7,-6,26.2,14.5,0.697,30.2,0.389,34,0.428,8.4,2,41.8
116,South Africa,0.948,0.646,0.681,59.3,55.2,13.7,13.4,9.7,10.2,8713,15737,0.407,140,50.9,40.7,72.7,75.9,44.5,60.5,0.621,0.632,0.643,0.651,0.659,0.663,0.666,13.6,9.9,"12,122",-29,0.428,35.7,-15,33,25.7,0.427,16.1,0.594,57.3,0.31,28.5,8,65
116,Viet Nam,..,..,..,80.5,71,..,..,7,7.9,4624,5570,0.308,49,29,24.3,59.4,71.2,73,82.2,0.475,0.575,0.653,0.657,0.66,0.663,0.666,11.9,7.5,"5,092",15,0.549,17.5,9,17.4,12.1,0.755,18,0.474,22,0.463,6.1,1.5,35.6
119,Bolivia (Plurinational State of),0.931,0.637,0.684,70.9,65.9,12.9,13.4,7.5,8.9,4383,7140,0.444,200,71.9,51.8,47.6,59.1,64.2,80.9,0.536,0.603,0.641,0.647,0.654,0.658,0.662,13.2,8.2,"5,760",4,0.472,28.7,-5,28.4,24.5,0.561,24.7,0.48,36.1,0.391,15.2,2.7,46.6
120,Kyrgyzstan,0.961,0.638,0.664,74.6,66.6,12.7,12.3,10.5,10.6,2122,3992,0.353,75,29.3,23.3,94.5,96.8,56,79.5,0.615,0.593,0.634,0.639,0.645,0.652,0.655,12.5,10.6,"3,044",29,0.56,14.5,17,14.2,20,0.623,5,0.665,17.7,0.424,5.4,1.3,33.4
121,Iraq,0.787,0.561,0.712,71.7,67.2,8.7,11.4,5.1,7.7,4279,23515,0.539,67,68.7,26.5,27.8,50.2,14.9,69.8,0.572,0.606,0.645,0.648,0.654,0.657,0.654,10.1,6.4,"14,003",-44,0.512,21.8,2,21.5,17.6,0.626,30.6,0.342,16.1,0.626,4.4,1.1,29.5
122,Cabo Verde,..,..,..,75,71.4,13.9,13.1,..,..,4098,8105,..,53,70.6,20.8,..,..,51.5,83.7,..,0.572,0.629,0.637,0.639,0.643,0.646,13.5,4.7,"6,094",-1,0.519,19.7,5,19.4,12,0.722,18.2,0.433,28,0.447,8.7,2.3,43.8
123,Micronesia (Federated States of),..,..,..,70.1,68.1,..,..,..,..,..,..,..,96,18.6,0,..,..,..,..,..,0.603,0.638,0.64,0.641,0.639,0.64,11.7,9.7,"3,432",21,..,..,..,..,19.8,0.606,..,..,..,..,40.2,7,61.1
124,Guyana,0.984,0.626,0.636,68.8,64.2,11.2,9.4,8.9,8,4164,8804,0.515,250,88.5,31.3,60.3,47.8,42.6,80.5,0.542,0.602,0.624,0.63,0.629,0.634,0.636,10.3,8.5,"6,522",-4,0.52,18.3,8,18.1,19.2,0.577,10.5,0.511,24.4,0.477,..,..,..
125,Nicaragua,0.96,0.615,0.64,77.9,71.9,11.8,11.3,6.2,5.8,2967,5979,0.449,100,100.8,39.1,39.4,38.3,47.4,80.3,0.495,0.565,0.619,0.623,0.625,0.628,0.631,11.5,6,"4,457",12,0.48,24,1,23.6,13.2,0.733,29.5,0.366,28.3,0.411,11,2.5,45.7
126,Morocco,0.828,0.555,0.67,75.1,73,10.6,11.6,3.2,5.3,3222,10573,0.525,120,35.8,11,20.7,30.2,26.5,75.8,0.457,0.528,0.611,0.621,0.623,0.626,0.628,11.6,4.4,"6,850",-8,0.441,29.7,-2,28.5,16.8,0.692,45.8,0.253,23,0.492,7.3,2,40.9
126,Namibia,0.981,0.62,0.632,67.3,62.1,11.4,11.3,6.3,6.1,7672,11267,0.401,130,54.9,37.7,33.3,34.4,54.7,63.7,0.578,0.556,0.61,0.616,0.62,0.625,0.628,11.3,6.2,"9,418",-21,0.354,43.6,-25,39.3,21.7,0.539,27.8,0.377,68.3,0.217,19.6,5.8,61.3
128,Guatemala,0.949,0.608,0.641,75.3,68.3,10.2,11,5.5,5.7,5021,8934,0.533,140,97.2,13.3,21.9,23.2,49.3,88.2,0.483,0.552,0.611,0.617,0.624,0.626,0.627,10.7,5.6,"6,929",-11,0.443,29.4,1,28.9,17.4,0.658,36.2,0.308,33.1,0.429,14.8,3.6,52.4
129,Tajikistan,0.926,0.6,0.648,73.2,66.2,10.5,12,9.6,11.2,2014,3017,0.357,44,42.8,15.2,95.1,91.2,58.9,77.1,0.616,0.535,0.608,0.612,0.617,0.621,0.624,11.2,10.4,"2,517",27,0.515,17.5,10,17,29.3,0.537,6.5,0.615,15,0.414,4.7,1.1,30.8
130,India,0.795,0.525,0.66,69.5,66.6,11.3,11.8,3.6,7.2,2116,8656,0.563,190,32.8,12.2,27,56.6,27,79.9,0.428,0.496,0.586,0.597,0.6,0.604,0.609,11.7,5.4,"5,497",-4,0.435,28.6,1,27.7,25,0.554,42.1,0.292,16.1,0.508,5,1.4,33.6
131,Honduras,0.944,0.583,0.618,75.7,70.7,11.6,10.6,5.5,5.4,2365,5508,0.48,120,84,25.8,28,25.8,42.8,82.9,0.507,0.557,0.61,0.612,0.607,0.604,0.606,11.1,5.5,"3,938",7,0.412,32.1,-7,30.7,17,0.678,26.4,0.361,48.6,0.285,23.5,5,57.4
132,Bhutan,0.897,0.572,0.638,69.7,69.2,12.8,12.6,2,4.1,5733,8418,0.457,120,40.9,8.3,34,34.5,66.7,77.2,..,..,0.573,0.582,0.589,0.595,0.605,12.6,3,"7,176",-17,0.425,29.8,-2,28.9,22.2,0.593,44.8,0.249,19.6,0.519,6.8,1.8,38.7
133,Timor-Leste,0.868,0.548,0.631,70.1,66.5,11.3,12,3.6,5.3,3122,7530,..,270,52.2,38.5,..,..,24.6,50.8,..,0.468,0.6,0.611,0.604,0.601,0.595,11.7,4.4,"5,363",-6,0.412,30.7,-4,29.4,22.8,0.572,47.6,0.247,17.8,0.494,4.4,1.2,30.4
134,Syrian Arab Republic,0.834,0.52,0.623,76.5,64,12.2,12.3,5.4,7.4,864,4523,0.533,49,41.6,12.4,29.5,40.5,13.5,72.7,0.553,0.586,0.639,0.635,0.623,0.608,0.594,12.3,6.3,"2,728",21,0.468,21.2,8,20.8,12.6,0.667,31.5,0.376,18.3,0.408,5.7,1.5,35.8
134,Vanuatu,0.903,0.587,0.65,74,69.9,10.2,10.9,8,10,2141,3445,..,86,44.8,0,..,..,61.5,80,..,..,0.589,0.59,0.59,0.592,0.594,10.6,6.8,"2,803",19,0.492,17.2,12,17.2,15.4,0.675,17.5,0.43,18.5,0.41,..,..,..
136,Congo,0.922,0.561,0.609,63.9,60.8,10.9,11.3,4.9,6.5,5165,6859,0.593,410,126.7,11.5,39.7,47,68.5,73,0.534,0.489,0.554,0.56,0.575,0.582,0.591,11.1,6.1,"6,012",-14,0.434,26.6,6,26.2,36,0.417,21.5,0.402,21.2,0.488,8.2,1.9,40.2
137,Kiribati,..,..,..,69.2,62.8,12.7,11.9,..,..,..,..,..,130,16.6,8.7,..,..,..,..,..,..,0.588,0.585,0.587,0.588,0.59,12.3,7.8,"2,434",21,0.405,31.5,-2,30.1,20.6,0.562,21.4,0.474,48.4,0.249,..,..,..
138,Equatorial Guinea,..,..,..,59,56.3,..,..,4,7.2,17073,24850,..,290,112.6,19.7,..,..,80.7,92.2,..,0.526,0.591,0.59,0.584,0.584,0.587,9,5.5,"21,056",-84,..,..,..,..,44.4,0.322,..,..,..,..,..,..,..
139,Zambia,0.917,0.558,0.609,62,58.2,13,13.9,5.8,7.3,3019,4452,0.587,280,125.4,12.7,25.8,44,73.1,85.6,0.403,0.433,0.555,0.565,0.576,0.58,0.586,13.5,6.6,"3,734",2,0.384,34.4,-6,33.9,37.2,0.387,21.7,0.466,42.6,0.314,17.4,4.8,57.5
140,Ghana,0.885,0.54,0.61,62.3,60.4,11,12,5.6,7.9,3200,4515,0.554,380,58.4,10.9,45.2,64.7,67.3,71.4,0.456,0.485,0.554,0.566,0.572,0.577,0.579,11.5,7,"3,852",-1,0.387,33.1,-3,33.1,30.8,0.441,36.7,0.35,31.7,0.377,9.3,2.2,42.8
141,Lao People's Democratic Republic,0.896,0.543,0.606,67.5,64.8,10.1,11,3.9,6.1,4086,5279,..,..,65,25,22.9,37,76.3,79.1,0.397,0.462,0.539,0.552,0.562,0.57,0.575,10.6,5,"4,680",-6,0.428,25.6,7,25.3,21.5,0.558,34.1,0.304,20.3,0.463,5.8,1.6,36.2
142,Bangladesh,0.917,0.541,0.59,72.9,70.4,10.3,9.7,4.5,5.5,2278,4083,0.503,170,80.6,20,34.1,41.3,57.4,84.1,0.386,0.468,0.546,0.559,0.563,0.567,0.57,10,5.1,"3,191",5,0.403,29.4,1,29,20.1,0.634,38.6,0.274,28.3,0.375,4.7,1.3,32.1
143,Cambodia,0.89,0.519,0.584,70.3,66.2,10.3,11.5,3.2,5.4,2526,3393,0.477,170,44.3,19,9.9,22.9,78.8,86.5,0.364,0.419,0.536,0.541,0.546,0.55,0.555,10.9,4.4,"2,949",7,0.418,24.7,7,24.6,25.3,0.557,28.3,0.321,20.3,0.407,4.6,1.3,31.8
143,Sao Tome and Principe,0.891,0.52,0.584,68.4,64.4,11.4,11.2,4,5.5,1886,3976,..,210,65.1,18.2,..,..,45.3,77.8,0.455,0.491,0.544,0.548,0.552,0.553,0.555,11.3,4.7,"2,918",8,0.418,24.7,6,24.7,26.9,0.523,21.4,0.368,25.8,0.378,5.6,1.3,33.9
145,Kenya,0.913,0.527,0.577,63.4,59.9,10.7,11.3,5.9,7.3,2255,3270,0.552,400,93.6,20.8,25.3,31.4,62.2,72.4,0.473,0.447,0.529,0.535,0.539,0.544,0.548,11,6.3,"2,762",9,0.377,31.3,-3,31.1,31.5,0.439,26,0.38,36,0.321,11,2.8,47.7
145,Nepal,0.908,0.521,0.574,71.1,68.2,12.5,12.2,2.3,4.5,1956,2690,0.489,190,73.7,29.5,17.7,38.2,79.9,87.1,0.384,0.451,0.531,0.536,0.54,0.543,0.548,12.4,3.3,"2,311",16,0.401,26.8,3,25.9,21.1,0.602,41.4,0.266,15.1,0.403,5,1.3,32.8
147,Pakistan,0.726,0.436,0.601,67.2,65.3,7,8.5,3.1,6.2,1450,8100,0.536,170,27.3,19.7,19.3,46.1,24.6,82.9,0.399,0.444,0.522,0.527,0.532,0.536,0.538,7.8,4.7,"4,866",-14,0.377,29.9,0,28.6,29.9,0.498,44.4,0.208,11.6,0.519,4.1,1.1,29.6
148,Myanmar,..,..,..,68,63.9,..,..,4.3,3.8,3873,5386,0.413,200,12.1,4.7,22.9,15.3,75.2,82.3,0.352,0.425,0.52,0.524,0.528,0.531,0.536,8.6,4.1,"4,608",-12,..,..,..,..,27.1,0.515,19.4,0.303,..,..,..,..,..
149,Angola,..,..,..,53.8,50.8,8.7,14,..,..,5497,8169,..,460,170.2,36.8,..,..,63.3,76.9,..,0.39,0.509,0.521,0.524,0.53,0.532,11.4,4.7,"6,822",-30,0.335,37,-8,36.6,46.2,0.267,34.6,0.31,28.9,0.453,9,2.2,42.7
150,Swaziland,0.879,0.494,0.561,48.2,49.6,10.9,11.8,7.4,6.8,3894,7235,0.557,310,72,14.7,21.9,26,43.9,71.6,0.536,0.496,0.525,0.528,0.529,0.53,0.531,11.3,7.1,"5,542",-25,0.354,33.3,-2,33.1,35,0.29,26.8,0.404,37.6,0.379,14,3.5,51.5
151,Tanzania (United Republic of),0.938,0.504,0.538,66.4,63.5,9,9.3,4.5,5.8,2320,2502,0.547,410,122.7,36,5.6,9.5,88.1,90.2,0.369,0.392,0.5,0.506,0.51,0.516,0.521,9.2,5.1,"2,411",8,0.379,27.3,4,27.2,30.4,0.482,28.5,0.304,22.7,0.372,6.2,1.7,37.8
152,Nigeria,0.841,0.468,0.556,53.1,52.4,8.2,9.8,4.9,7.1,4052,6585,..,560,119.6,6.6,..,..,48.2,63.7,..,..,0.493,0.499,0.505,0.51,0.514,9,5.9,"5,341",-24,0.32,37.8,-9,37.5,40.8,0.299,43.3,0.254,28.4,0.43,9.1,2.2,43
153,Cameroon,0.879,0.478,0.544,56.7,54.4,9.5,11.2,5.3,6.7,2266,3341,0.587,590,115.8,27.1,21.3,34.9,63.8,76.8,0.443,0.437,0.486,0.496,0.501,0.507,0.512,10.4,6,"2,803",-1,0.344,32.8,-1,32.4,39.4,0.331,34.8,0.318,23.1,0.387,7.5,1.9,40.7
154,Madagascar,0.945,0.497,0.526,66.6,63.6,10.2,10.5,6.6,6.1,1098,1560,..,440,122.8,20.5,..,..,86.6,90.5,..,0.456,0.504,0.505,0.507,0.508,0.51,10.3,6,"1,328",24,0.372,27,4,26.8,24.8,0.522,35,0.318,20.4,0.311,7.4,1.9,40.6
155,Zimbabwe,0.922,0.487,0.529,58.9,56.2,10.7,11,6.7,7.7,1387,1850,0.504,470,60.3,35.1,48.7,62,83.2,89.7,0.499,0.428,0.461,0.474,0.491,0.501,0.509,10.9,7.3,"1,615",13,0.371,27,4,26.7,26.8,0.422,17.4,0.449,35.8,0.27,..,..,..
156,Mauritania,0.816,0.446,0.546,64.5,61.6,8.5,8.5,2.7,4.8,1625,5468,0.61,320,73.3,22.2,8.3,20.9,28.7,79.1,0.373,0.442,0.488,0.489,0.498,0.504,0.506,8.5,3.8,"3,560",-14,0.337,33.4,1,32.9,36.6,0.42,40.8,0.214,21.2,0.425,7.8,1.9,40.5
156,Solomon Islands,..,..,..,69.4,66.5,8.8,9.7,..,..,1046,2019,..,130,64.9,2,..,..,53.4,79,..,0.446,0.494,0.501,0.504,0.505,0.506,9.2,5,"1,540",16,0.385,23.8,11,23.8,22.3,0.573,22.8,0.328,26.3,0.304,..,..,..
158,Papua New Guinea,..,..,..,64.8,60.5,..,..,3.2,4.8,2145,2768,0.611,220,62.1,2.7,7.6,14.5,70.5,74,0.353,0.424,0.493,0.497,0.501,0.503,0.505,9.9,4,"2,463",-1,..,..,..,..,26.5,0.481,11.5,0.36,..,..,..,..,..
159,Comoros,0.813,0.443,0.545,65,61.6,11,11.9,3.7,5.6,778,2123,..,350,51.1,3,..,..,35.2,80.1,..,..,0.488,0.493,0.499,0.501,0.503,11.5,4.6,"1,456",16,0.268,46.7,-18,46,34.2,0.438,47.6,0.248,56,0.178,26.7,7,64.3
160,Yemen,0.739,0.414,0.56,65.2,62.5,7.7,10.6,1.3,3.8,1595,5412,0.744,270,47,0.7,8.6,26.7,25.4,72.2,0.4,0.441,0.496,0.495,0.496,0.498,0.498,9.2,2.6,"3,519",-17,0.329,34,0,33,30.3,0.469,48.1,0.177,20.6,0.427,5.6,1.5,35.9
161,Lesotho,0.953,0.482,0.505,49.8,49.6,11.7,10.6,6.5,5.2,2613,4017,0.541,490,89.4,26.8,21.9,19,59,73.5,0.493,0.443,0.472,0.48,0.484,0.494,0.497,11.1,5.9,"3,306",-16,0.32,35.6,-2,34.9,33.5,0.305,24.3,0.383,47,0.28,20.4,4.3,54.2
162,Togo,0.831,0.439,0.527,60.4,58.9,10.9,13.4,3,6.3,1084,1376,0.588,450,91.5,17.6,16.1,40.3,80.6,81.3,0.404,0.426,0.459,0.468,0.47,0.473,0.484,12.2,4.5,"1,228",17,0.322,33.4,1,33.1,36.8,0.386,38.9,0.299,23.5,0.29,10.7,2.6,46
163,Haiti,..,..,..,64.9,60.7,..,..,4.2,5.6,1379,1966,0.603,380,42,3.5,22.4,35.2,60.9,71,0.417,0.442,0.471,0.475,0.479,0.481,0.483,8.7,4.9,"1,669",4,0.296,38.8,-7,38.2,27.9,0.475,38.3,0.249,48.4,0.219,26.6,5.5,59.2
163,Rwanda,0.957,0.472,0.493,67,61.1,10.4,10.2,3.2,4.3,1312,1612,0.4,320,33.6,57.5,8,8.8,86.4,85.3,0.244,0.333,0.453,0.464,0.476,0.479,0.483,10.3,3.7,"1,458",11,0.33,31.6,4,31.6,30.2,0.475,29.4,0.289,35.2,0.262,11,3.2,50.8
163,Uganda,0.886,0.452,0.51,60.3,56.7,9.7,9.9,4.5,6.3,1226,1997,0.538,360,126.6,35,22.9,33.5,75.8,79.2,0.308,0.393,0.473,0.473,0.476,0.478,0.483,9.8,5.4,"1,613",6,0.337,30.2,6,30.2,33.8,0.392,29.4,0.319,27.3,0.305,8.8,2.4,44.6
166,Benin,0.823,0.431,0.524,61,58.1,9.4,12.7,2.1,4.6,1493,2043,0.614,340,90.2,8.4,11.3,27,67.6,78.3,0.344,0.392,0.468,0.473,0.475,0.477,0.48,11.1,3.3,"1,767",0,0.3,37.4,-2,37.1,37,0.384,44.8,0.23,29.4,0.306,8.2,2.2,43.5
167,Sudan,0.83,0.428,0.516,65,62,6.7,7.3,2.5,3.8,1882,5722,0.591,360,84,23.8,12.1,18.2,31.3,76,0.331,0.4,0.465,0.466,0.476,0.477,0.479,7,3.1,"3,809",-27,..,..,..,..,32.8,0.45,42.7,0.171,..,..,6.2,1.4,35.3
168,Djibouti,..,..,..,63.7,60.4,5.9,6.9,..,..,2019,4522,..,230,18.6,12.7,..,..,36.3,67.7,..,0.365,0.453,0.462,0.465,0.468,0.47,6.4,3.8,"3,276",-22,0.308,34.6,1,33.7,32.5,0.436,47,0.162,21.7,0.413,7.7,1.9,40
169,South Sudan,..,..,..,56.7,54.7,..,..,4.5,5.8,..,..,..,730,75.3,24.3,..,..,..,..,..,..,0.47,0.458,0.457,0.461,0.467,7.6,5.4,"2,332",-9,..,..,..,..,40.8,0.325,39.6,0.235,..,..,..,..,..
170,Senegal,0.883,0.436,0.494,68.3,64.5,7.8,8.1,1.8,3.2,1657,2739,0.528,320,94.4,42.7,7.2,15.4,66,88,0.367,0.38,0.456,0.458,0.461,0.463,0.466,7.9,2.5,"2,188",-8,0.305,34.4,1,34,29.5,0.504,44.7,0.168,27.7,0.337,7.8,1.9,40.3
171,Afghanistan,0.6,0.328,0.546,61.6,59.2,7.2,11.3,1.2,5.1,506,3227,0.693,400,86.8,27.6,5.9,29.8,15.8,79.5,0.297,0.334,0.448,0.456,0.463,0.464,0.465,9.3,3.2,"1,885",-7,0.319,31.4,5,30,34.3,0.408,44.8,0.202,10.8,0.396,4,1,27.8
172,CÃ´te d'Ivoire,0.81,0.41,0.507,52.4,50.7,7.9,10,3.2,5.3,2146,4157,0.679,720,130.3,9.2,14,30.1,52.4,81.4,0.389,0.398,0.444,0.445,0.452,0.458,0.462,8.9,4.3,"3,171",-24,0.287,38,-1,37.6,40.2,0.29,45.1,0.214,27.4,0.379,9.4,2.2,43.2
173,Malawi,0.907,0.423,0.467,63.7,61.7,10.8,10.7,3.4,5.2,679,815,0.611,510,144.8,16.7,11.1,21.6,84.6,81.5,0.284,0.34,0.42,0.429,0.433,0.439,0.445,10.8,4.3,747,13,0.299,32.9,2,32.6,40,0.395,30.2,0.308,27.7,0.22,9.7,2.6,46.2
174,Ethiopia,0.84,0.403,0.479,66,62.2,8,9,1.4,3.6,1090,1765,0.558,420,78.4,25.5,7.8,18.2,78.2,89.3,..,0.284,0.412,0.423,0.429,0.436,0.442,8.5,2.4,"1,428",2,0.312,29.4,7,28,30.2,0.474,44.3,0.176,9.5,0.363,5.3,1.4,33.6
175,Gambia,0.889,0.414,0.466,61.6,58.9,8.7,8.9,2,3.7,1267,1753,0.622,430,115.8,9.4,17.4,31.5,72.2,82.9,0.33,0.384,0.441,0.437,0.44,0.442,0.441,8.8,2.8,"1,507",-2,..,..,..,..,34.8,0.403,..,..,26.9,0.299,11,2.8,47.3
176,Congo (Democratic Republic of the),0.833,0.393,0.472,60.1,57.2,8.6,10.8,4.5,7.7,597,765,0.673,730,135.3,8.2,12.8,32.4,70.7,73.2,0.355,0.329,0.408,0.418,0.423,0.43,0.433,9.8,6,680,11,0.276,36.2,0,35.3,49.9,0.298,27.7,0.341,28.2,0.208,9.3,2.4,44.4
177,Liberia,0.789,0.387,0.491,61.8,59.9,8.9,12.4,2.6,5.8,678,930,0.651,640,117.4,10.7,15.4,39.3,58.2,64.8,..,0.359,0.405,0.414,0.419,0.424,0.43,9.5,4.1,805,7,0.28,34.8,2,34.1,33.1,0.421,46.4,0.215,22.7,0.243,7,1.7,38.2
178,Guinea-Bissau,..,..,..,57,53.4,..,..,..,..,1135,1593,..,560,99.3,13.7,..,..,68.2,78.5,..,..,0.413,0.417,0.417,0.418,0.42,9,2.8,"1,362",-1,0.254,39.6,-5,39.4,45.3,0.296,40.3,0.206,32.5,0.267,5.9,1.5,35.5
179,Mali,0.776,0.363,0.468,57.8,58.2,7.5,9.3,1.5,2.7,961,2195,0.677,550,175.6,9.5,7.7,15.1,50.8,81.4,0.233,0.313,0.409,0.415,0.414,0.416,0.419,8.4,2,"1,583",-8,0.27,35.7,1,34.5,45.6,0.318,41.6,0.176,16.1,0.35,5.2,1.3,33
180,Mozambique,0.881,0.39,0.443,56.5,53.6,8.8,9.8,2.4,4.3,1040,1210,0.591,480,137.8,39.6,1.4,6.2,85.5,82.8,0.218,0.3,0.401,0.405,0.408,0.413,0.416,9.3,3.2,"1,123",1,0.273,34.3,3,34.1,40.2,0.323,33.8,0.242,28.4,0.262,9.8,2.5,45.7
181,Sierra Leone,0.814,0.37,0.454,51.4,50.4,7.2,10,2.2,4,1582,1981,0.65,1100,100.7,12.4,10,21.7,65.7,69,0.262,0.299,0.388,0.394,0.397,0.408,0.413,8.6,3.1,"1,780",-16,0.241,41.7,-4,40,51.2,0.232,49.6,0.171,19.2,0.351,5.6,1.5,35.4
182,Guinea,0.778,0.358,0.46,59.2,58.3,7.3,10,1.4,3.7,877,1314,..,650,131,21.9,..,..,65.6,78.3,..,0.323,0.388,0.399,0.409,0.411,0.411,8.7,2.4,"1,096",0,0.261,36.5,0,35.2,40.3,0.356,48.3,0.167,17.1,0.3,5.5,1.3,33.7
183,Burkina Faso,0.881,0.376,0.427,59.9,57.3,7.4,8.1,1,1.9,1325,1859,0.631,400,115.4,13.3,0.9,3.2,77.1,90,..,..,0.378,0.385,0.393,0.396,0.402,7.8,1.4,"1,591",-13,0.261,35,2,34.6,41.1,0.351,38.6,0.161,24.2,0.317,7,1.9,39.8
184,Burundi,0.911,0.381,0.418,58.7,54.8,9.6,10.7,2.2,3.1,693,825,0.492,740,30.3,34.9,5.3,8.3,83.3,82,0.295,0.301,0.39,0.392,0.395,0.397,0.4,10.1,2.7,758,1,0.269,32.6,5,31.5,43.6,0.318,36.9,0.234,14.1,0.263,4.8,1.3,33.3
185,Chad,0.768,0.338,0.44,52.7,50.5,5.9,8.9,1,2.9,1657,2513,0.706,980,152,14.9,1.7,9.9,64,79.2,..,0.332,0.371,0.382,0.386,0.388,0.392,7.4,1.9,"2,085",-22,0.236,39.9,-1,39.6,46.1,0.262,41.9,0.157,30.7,0.318,10,2.2,43.3
186,Eritrea,..,..,..,65.9,61.6,..,..,..,..,971,1290,..,380,65.3,22,..,..,80,89.8,..,..,0.381,0.386,0.39,0.39,0.391,4.1,3.9,"1,130",-6,..,..,..,..,24.7,0.506,..,..,..,..,..,..,..
187,Central African Republic,0.773,0.303,0.392,52.6,48.8,5.9,8.6,2.8,5.7,476,689,0.655,880,98.3,12.5,10.1,26.7,72.6,85.1,0.314,0.31,0.362,0.368,0.373,0.348,0.35,7.2,4.2,581,1,0.198,43.5,-1,43.1,45.7,0.256,34.5,0.224,49.2,0.135,18,4.5,56.3
188,Niger,0.729,0.287,0.394,62.4,60.6,4.8,6.1,0.8,2,491,1319,0.713,630,204.8,13.3,2.4,7.8,40,89.7,0.214,0.257,0.326,0.333,0.342,0.345,0.348,5.4,1.5,908,-5,0.246,29.2,3,28.4,37.9,0.396,35,0.129,12.3,0.292,4.5,1.2,31.2
,Arab States,0.849,0.611,0.719,72.7,68.8,11.6,12.3,4.9,6.9,5686,24985,0.537,155,45.4,14,34.7,47.6,23.2,75.3,0.553,0.613,0.676,0.679,0.684,0.686,0.686,12,6.4,"15,722",,0.512,25.4,,24.7,17.4,0.643,38.9,0.334,17.7,0.626,,,
,East Asia and the Pacific,0.948,0.692,0.73,76,72.2,13,12.8,6.9,8,9017,13780,0.328,72,21.2,18.7,54.7,66.3,62.6,79.4,0.516,0.593,0.686,0.693,0.702,0.707,0.71,12.7,7.5,"11,449",,0.572,19.4,,19.2,11.7,0.734,18.4,0.491,27.4,0.52,,,
,Europe and Central Asia,0.945,0.719,0.76,76.1,68.5,13.5,13.8,9,10,8238,17607,0.3,28,30.8,19,70.8,80.6,45.6,70,0.651,0.665,0.731,0.739,0.743,0.746,0.748,13.6,10,"12,791",,0.651,13,,12.9,14.3,0.69,7.9,0.655,16.6,0.611,,,
,Latin America and the Caribbean,0.976,0.736,0.754,78.2,71.7,14.4,13.7,8,8.1,10194,18435,0.415,85,68.3,27,54.3,55.2,53.7,79.8,0.625,0.684,0.734,0.738,0.743,0.745,0.748,14,8.2,"14,242",,0.57,23.7,,23.2,13.3,0.734,21,0.522,35.2,0.485,,,
,South Asia,0.801,0.525,0.655,69.9,67.1,10.8,11.3,3.7,6.9,2198,8827,0.536,183,38.7,17.5,29.1,54.6,29.8,80.3,0.437,0.503,0.586,0.596,0.599,0.603,0.607,11.2,5.5,"5,605",,0.433,28.7,,27.9,24.4,0.563,41.5,0.288,17.9,0.499,,,
,Sub-Saharan Africa,0.872,0.48,0.55,59.7,57.1,9.1,10.3,4.2,6,2626,4148,0.575,506,109.7,22.5,22.1,31.5,65.4,76.6,0.4,0.422,0.499,0.505,0.51,0.514,0.518,9.6,5.2,"3,363",,0.345,33.3,,33.1,36.6,0.375,35.3,0.285,27.5,0.385,,,
,World,0.924,0.67,0.725,73.7,69.5,12.2,12.4,6.2,7.9,10296,18373,0.449,210,47.4,21.8,54.5,65.4,50.3,76.7,0.597,0.641,0.697,0.703,0.707,0.709,0.711,12.2,7.9,"14,301",,0.548,22.8,,22.7,17.4,0.654,26.8,0.442,24,0.57,,,
